	headline
0	Ryanair to cut 1 million more passenger seats in Spain
1	Looted by Nazis, a 17th-Century Painting Resurfaces. But Not for Long.
2	Analysis: Spotlight on childcare reforms reveals how far there is to go
3	Do body wipes actually work? Experts weigh in
4	Is Meghan’s Netflix series another ‘exercise in narcissism’?
5	These colleges are welcoming pets in dorms to reduce students’ stress and anxiety
6	Taipei City council in the dog house over Chinese-made patrol robot
7	BOM forecasts wet spring as severe storm barrels towards nation's south
8	Nonalcoholic beer and mocktails can help people stay sober or drink less, but are not for everyone
9	Massachusetts cranberry bogs are being given a second life as vibrant wetlands
10	U.S. Open foes Jelena Ostapenko and Taylor Townsend get into heated post-match row
11	Humans inhale as much as 68,000 microplastic particles daily, study finds
12	SpaceX deploys first mock Starlink satellites on 10th test flight
13	Love Island USA' winner Amaya reveals she and Bryan broke up
14	He paid triple the going rate for solar panels. Now he warns people to research door-to-door contracts
15	Why Arthur Ashe Stadium and the US Open are so unique and sometimes divisive
16	Blockbuster Canadian romance author Carley Fortune announces 5th novel
17	Nvidia Sales Jump 56%, a Sign the A.I. Boom Isn’t Slowing Down
18	Furniture, architecture, fashion: 3 designers explain how AI is transforming everything
19	Italian apples get their own dedicated cable car ride
20	Denzel Washington reveals he doesn’t watch movies anymore
21	How are the new students feeling on the first day of school?
22	Alcaraz Vanquishes Demons of Last Year
23	Why eradicating the Asian hornet is taken so seriously
24	The untold history of one of Australia's most iconic photos
25	Two Pakistan towns face flood risk if river barrage crumbles, officials say
26	Rocky waters ahead for British artist stopping sales to customers across the pond
27	Watch: Arizona ‘haboob’ dust storm causes disruption
28	From boom to ban: The rise and fall of India's betting apps
29	Why the egusi? A Nigerian melon seed's journey into space
30	Does removing mustache hair lead to thicker hair growth?
31	Coach Hugo Broos announces final squad for Bafana Bafana's World Cup qualifiers
32	I found weed in the 3rd grade': Jacob Balshin | New Wave Of Standup
33	Venus Williams’ fuzzy tennis racket case was a major serve
34	These British rock stars never conquered America. They’re now playing to a sold-out Chicago stadium
35	How chatbots are making us speak like management consultants
36	Alcaraz cruises into third round with commanding win over Bellucci
37	Most people in Denmark and the Netherlands have a doctor. Here's what Canada can learn
38	Calling rental income 'unearned' is the final insult from this Government
39	Russian and Chinese submarines conduct first-ever joint patrol in Pacific
40	How will Shamrock Rovers approach Santa Clara mission?
41	Former elite athlete takes home $100,000 landscape art prize
42	Taylor Swift’s romantic travails were the soundtrack to mine. What does her engagement mean for fans’ love lives?
43	UK beef farmers scramble to feed hungry herds
44	Grand jury declines to indict man who threw a sandwich at federal officer in the capital
45	In under three hours, China’s bullet trains whisk travelers back 1,200 years in time
46	The buses, trams and trains that have kept London running for 200 years
47	The Deion Sanders Effect: Why colleges are hiring former NFL stars as coaches
48	Zimbabwean accountant's estate sequestrated for R17 million fraud
49	Antarctic expedition to search for bird flu on Heard Island
50	Jason Kelce celebrates Taylor Swift and Travis Kelce's 'proposal heard 'round the world'
51	Why Watership Down has no place in my list of the greatest animated films
52	Where have all the crabs gone? How development is squeezing out southern Malaysia’s sea people
53	‘I turned down $20m to do Terminator 3. I can’t be bought, dude’: Ridley Scott on directing, Daleks and ... cherry jam
54	Does the multiverse exist?
55	Taylor Swift’s engagement ring: Find out what expert at Rome’s oldest jewelry store thinks it cost
56	What Can I Wear on a Plane Besides Leggings and Sweats?
57	Japan releases AI-generated Mount Fuji eruption video to encourage Tokyo residents to be prepared
58	Discover the Bellville Business Expo: a hub for innovation and networking
59	How to make sure you lose fat, not muscle, when you’re on a diet
60	Bad Bunny reveals why he was 'a little' nervous about acting in 'Caught Stealing'
61	What ‘sunburn cinema’ tells us about the Great British holiday
62	Big hits, great saves: B.C. players shine at inaugural Women's Para Hockey World Championships
63	What can you expect from Electric Picnic 2025?
64	Grizzly bear attacks travel blogger’s tent
65	It could be a La Niña winter. Here’s what your region might see
66	Is entrepreneur Bryan Johnson going to live forever?
67	Klamath: America's largest river restoration project
68	Forget Philly: Locals and tourists chow down on moose and reindeer cheesesteaks in northern Sweden
69	A famous Australian song almost didn't sound the way it does today
70	Family planned to emigrate before securing Tuath Housing Cost Rental property
71	Asian hornet nest located in Cork city following hunt
72	Computer science degrees were once a golden ticket. Now, jobs are hard to find
73	Robot rabbits the latest tool in battle to control invasive Burmese pythons in Everglades
74	AI detects sound of frog species threatened in Southern California
75	Your AI therapist might be illegal soon. Here’s why
76	Denmark Apologizes After Birth Control Scandal in Greenland
77	The nuclear legacy hidden in your body
78	Shame and disgust': Why we find this STI so hard to talk about
79	Sarah Mitton stripped of Diamond League Trophy after winning throw disqualified
80	How Taylor Swift can plan her wedding (and Travis Kelce will also be there)
81	Youth employment and sustainability at the heart of South Africa's G20 presidency
82	Drainage crews stayed to protect New Orleans during Katrina. What they’d face was unimaginable
83	Reeves considers tax raid on landlords
84	That ominous two-note theme and a malfunctioning mechanical shark: Jaws at 50
85	Exclusive: TikTok owner ByteDance sets valuation at over $330 billion as revenue grows, sources say
86	The pH of the ocean is changing, and it could erode sharks’ teeth
87	Recognise the warning signs: how overlooked burnout can sabotage your career
88	Taylor Swift’s engagement is a great advert for the cult of celebrity
89	Bland, easy to follow, for fans of everything: what has the Netflix algorithm done to our films?
90	Breakthrough in Australian soft plastics recycling
91	British expats in France hit with shock pension tax bills
92	Racism row erupts at US Open after ‘no class, no education’ insult
93	Punches and slaps: Watch as Mexican Senate debate ends in brawl
94	‘A perfect symbiosis’: planting vines and other ways hot cities are creating cool spaces
95	Tennis Handshakes, Controversy and the Spectacle of Elite Sport
96	How Tesla and Waymo's radically different robotaxi approaches will shape the industry
97	SARS cracks down on influencers: Free trips, brand deals now count as taxable income
98	Forecasters warn of tornadoes in US in coming days
99	‘Something has to change’: Manchester United plunges to new low against fourth-division Grimsby Town
200	Cooking Recipes, advice and inspiration for everyday cooking, special occasions and more.
201	5 key takeaways from the latest presidential debate Analysis and Comment
202	Business live Euro and Paris stock market slides as French prime minister resigns
203	David Muir reports on daughter thanking nurse who saved dad at Bills game
204	11 movies you can safely watch with your parents — and grandparents — and all truly enjoy
205	Egypt says 3,000-year-old bracelet was stolen and melted down
206	Epic Mercury comeback evens Lynx series; Wilson stars in Aces win
207	Business Nearly a third of bosses report increase in cyber-attacks on their supply chains
208	I cut up 15 bike locks to find the best in the US. Here are my favorites
209	How a bet landed Abraham Lincoln in the Wrestling Hall of Fame
210	Canadian writer David Szalay shortlisted for 2025 Booker Prize
211	Highest UK government borrowing in August for five years
212	New hand luggage liquid rules in force at Dublin Airport
213	Was it worth it?': BBC correspondents assess Trump's state visit
214	‘The Fate of Ophelia’ music video premieres online 
215	France’s prime minister resigns less than a month after appointment
216	Harry follows in Diana’s footsteps as he joins new Aids campaign
217	Syrians vote in the first parliamentary election since Assad’s fall, in photos
218	Strikes and protests roil France, pitting the streets against Macron and his new prime minister
219	When does trying to have a healthier baby become eugenics-y?
220	Travel‘Immortalised by Monet’: the enduring seaside charm of Trouville, Normandy
221	Trump says TV networks opposed to him should 'maybe' lose licence
222	Easy Mode Get an easy version of one of the hardest crossword puzzles of the week.
223	Nations ratify the world’s first treaty to protect international waters
224	Americans are socialising less - here’s why that’s worrying Derek Thompson talks about stark declines in the amount of time Americans spend at parties with friends. See more
225	Democrats are becoming a force in traditionally conservative The Villages
226	Man arrested in connection with cyber-attack on airports
227	The Eagles got away with a penalty on a tush push against the Chiefs, NFL admits
228	As part of reforms, SafeSport seeks to improve communication on potential for long cases
229	‘Directors would be like: this is the Asian part’: Slow Horses’ Christopher Chung on battling to become a leading man
230	The Evening Catch up on big news, and wind down to end your day.
231	FilmRiff Raff review – star-stuffed crime comedy with Bill Murray, Jennifer Coolidge and Ed Harris
232	Mysterious planet is gobbling 6 billion tons of gas and dust a second
233	A moment that changed meI told my dad I was queer – and he said he found it hard to love me
234	As Taylor Swift’s frenemies decode her latest album for shade – music journalist Jenn Gannon gives us her view.
235	Bills secure 31-21 win over Dolphins for 'Thursday Night Football'
236	Rite Aid closes all of its stores after filing for bankruptcy
237	Calgary Flames say 'no' to bringing Dillon Dube back to the team
238	A toast to tradition in Japan's sake capital
239	Just before shutdown, most Americans wanted health insurance tax credits extended, KFF poll finds
240	The biggest stories of our time, in 20 minutes a day.
241	This is, objectively, the worst pasta shape
242	Why history's 'most controversial' queen was so hated
243	I work in the maternity unit where I was born - with the midwife who cared for me
244	Scientists pinpoint the brain's internal mileage clock
245	Regulators approve disputed $6.2B takeover of Minnesota Power by investment group
246	School district says it will pursue legal action after superintendent detained by ICE
247	Manchán Magan's final interview
248	Clean Everything Step-by-step advice on how to keep everything in your home squeaky clean.
249	Optus customers left angry after more failed triple-0 calls Optus customers have come forward to report more cases of triple-0 calls failing outside the embattled telcos previously admitted outages.
250	WellnessSign up for Well Actually: a free weekly newsletter about health and wellness
251	Blind dog known as the ‘hot mess express’ lights up the internet after being put up for adoption
252	What tax, which could bring in €213m, won't be in Budget 2026?
253	Eby criticizes Smith's pipeline push, says feds' treatment of B.C. ferry passengers unfair
254	Why treating back pain might require more coaching & less fixing
255	Touch grass: How Gen Z stopped going outside and why it matters
256	6 fall fashion trends you'll be seeing everywhere this season
257	Pope names successor to New Orleans archbishop
258	Why Salah has become a 'little problem' for Liverpool MOTD pundit Danny Murphy explains why Mohamed Salah's lack of defensive work has become an issue for Liverpool down their right flank.
259	Daniel Ek, the Spotify founder who wants to stay in control
260	Cyberattacks Upset British Life, Disrupting Car Production and Grocery Access Three of Britain’s biggest brands were severely disrupted this year, bringing pain to the lives of customers, workers, suppliers and government officials. 4 min read Phil Noble/Reuters
261	Dreame’s L40s robot vacuums are a ticket to easy, pro-level cleaning
262	The picture essay‘I fell in a deep puddle running from police’: photographing London’s underground raves
263	Live Nation and Ticketmaster accused of allowing ticket brokers to rake in millions from resales
264	Impact of Trump tariffs is beginning to show in US consumer prices
265	How wild food enthusiasts are reconnecting with nature
266	Egypt fears missing pharaoh’s bracelet has been melted down for gold
267	Not sci-fi anymore': James Cameron's AI warning
268	Cost cutting' hasn’t just led to job losses, it’s led to loss of life: analyst
269	Byron Bay's holiday rental cap yields mixed results
270	Father delivers own baby on doorstep of Texas hospital
271	Aces 91-78 win over Mercury takes them to 2-0 WNBA Finals lead
272	A year of otherworldly images from NASA's Webb Telescope
273	The 15 most banned books in U.S. schools
274	Is cheese the new reason to travel?
275	Abu Dhabi Property Giant Bets on Cheaper Homes, Private Credit
276	The first supermoon of the year is approaching. Here’s what to know
277	Gordon Ramsay’s Bel Air home visited by police as chef becomes latest victim of swatting prank
278	We weren't prepared for the online hate when we shared how we plan to retire by 35
279	You may have asthma and not even know. Here's why
280	Moment man narrowly avoids being hit by car in petrol station crash
281	B.C. sushi chef refuses to provide extra soy sauce — even for $1K
282	Why urban Scotland must plant 2.5 million saplings for 'tree equality'
283	McLaughlin-Levrone says hurdles-400 double is possible. But would she want to do it?
284	Netflix is going all-in on its ‘Peaky Blinders’ sequel with a two-season order
285	French Prime Minister Sébastien Lecornu resigns after less than a month
286	Olive Garden says it's testing smaller portion menu options
287	Costa Rica halts all flights after radar failure
288	Child migrants sent to Australia after WWII form bonds for life
289	Congress asks if Boar's Head deli meat plant tied to outbreak will be fit to reopen
290	Vivienne Westwood brings beauty from chaos and dying sunflowers in Paris
291	MediaDisney hikes streaming prices as Kimmel suspension fuels backlash
292	The health issues that could be an early sign of lung cancer
293	The Air Quality Index and how to use it, explained
294	Kamala Harris' commentary on Democrats jump-starts the 2028 presidential contest
295	Buyout Firm EQT Anoints Asia-Based Salata as New Chairperson
296	Booker prize‘Brilliantly human’: Kiran Desai and David Szalay make Booker prize shortlist
297	"Eilish Fisher: ""If ghosts exist, what else could exist?"" "
298	Canadian men jump to record No. 26 in FIFA rankings
299	Bonhomie, kind words - but what did Trump’s meeting with Starmer add up to? AP explains
300	KPop Demon Hunters' joins Fortnite with new characters and fan games
301	Does painting cows with stripes prevent fly bites? Researchers who studied this win Ig Nobel prize
302	I was an air fryer skeptic until I tried this model
303	Camp Rock 3' officially happening at Disney Channel with Jonas Brothers, Demi Lovato
304	Tesla reports surprise increase in sales in third quarter
305	Mayo woman wins Brown Bread Baking Competition 2025
306	Pushing ButtonsEven a rebrand may not be able to save America’s most storied gaming event
307	Hundreds of societies have been in crises like ours. An expert explains how they got out.
308	Drinking any amount of alcohol may increase dementia risk, study finds
309	Indonesia lifts TikTok licence suspension after app shares data
310	Missing art looted by the Nazis could be worth billions – but who owns it when it’s found?
311	Solving the mysteries of the world, with science!
312	Saquon Barkley talks 'tush push,' fatherhood and giving back
313	James Van Der Beek makes virtual appearance at Dawson’s Creek reunion after skipping due to illness
314	A look at the latest styles and trends at Paris Fashion Week, in photos
315	UK’s MI6 spy agency to target dark web for new recruits, including in Russia
316	BeautySali Hughes on beauty: body moisturisers without the gloop factor
317	Woman, 68, sentenced to jail after being caught on film having sex in jail lobby
318	How growing rice differently could ease climate change
319	James Norton says it is a ‘privilege’ to play an Irish character
320	Is £47bn of Tory cuts realistic?
321	Swiss Air flight aborts takeoff after sparks seen flying out of engine
322	The reason why Donald Trump likes TikTok now
323	Bill Maher skewers Pete Hegseth's Quantico speech: 'No gays, just buff, hairless men'
324	MI6 launches dark web portal to attract spies in Russia
325	Is Taylor Swift’s ‘Actually Romantic’ really about Charli XCX? Rumoured feud explained
326	Winner who shared in $1.7B lottery jackpot reveals plans for winnings
327	Second World War veteran celebrates 100th birthday with 16,000 cards
328	Space weather satellites blast off to collect information on solar storms A SpaceX rocket lifted off Wednesday from the Kennedy Space Center in Cape Canaveral, carrying NASA's Interstellar Mapping and Acceleration Probe, or IMAP. Sep 24
329	Britain’s flawed support for Jaguar Land Rover
330	Priscilla strengthens into a hurricane in the Pacific. Maps show its path. Hurricane Priscilla was strengthening Sunday in the Pacific Ocean, off the southwestern coast of Mexico. 8H ago
331	Redundancy can feel shameful, a social media movement wants to change that
332	24 of the world’s most unusual landscapes
333	Cardi B releases highly anticipated second album
334	Former England star took down union flag being ‘used in a negative fashion’
335	Mamdani, Cuomo PACs Have Millions to Spend as NYC Race Heats Up
336	Overbilling at women's health care group padded profits while costing patients, doctor says
337	‘Apex predator’ discovered with remains of crocodile still in mouth
338	Police search Los Angeles home close to where singer D4vd's Tesla was abandoned
339	The best of Sean Rocks - classics from the Arena archives
340	O'Connor chasing 'something special' to cap off 2025
341	Haunted Hotel – a bland addition to the teetering pile of landfill comedy
342	Nationals’ Jacob Young makes 2 incredible catches in 1 game
343	Job seekersWhat is it like to be looking for work right now?
344	Premier League Ten things to look out for this weekend in the top flight
345	Trump speaks with China's Xi to finalize TikTok deal
346	Police in Australia seize guns from dozens of owners who hold views rejecting government authority
347	Hollywood supporters slam Kimmel's suspension as 'actual cancel culture'
348	Europe cannot rely on Elon Musk’s SpaceX, top investor warns
349	James Van Der Beek’s wife says Dawson’s Creek reunion was ‘healing’
350	YouTube content creators contributed £2.2bn to UK economy in 2024
351	How a festival in Saudi Arabia rocked the American comedy world
352	The Big Read. China’s charm offensive in India’s backyard
353	California police pull over a self-driving Waymo for an illegal U-turn, but they can't ticket
354	Man arrested in U.K. over alleged cyberattack that affected European airports
355	Sanae Takaichi Is Likely to Be Japan’s Next Leader. Who Is She?
356	Giorgio Armani’s sartorial creations interplay with Italian masterpieces at Milan museum exhibition
357	Art or ad? Giant portrait of Hamilton real estate agent raises eyebrows as artist defends 'gesture of thanks'
358	Photo highlights from the 80th UN General Assembly in New York
359	India regulator rejects US firm's fraud claims against Adani Group
360	Noonan dreaming of FAI glory despite looming World Cup
361	Japan stocks hit record after ruling party names pro-business leader The benchmark Nikkei 225 index closed above 47,000 for the first time as investors welcomed Sanae Takaichi's victory. 
362	Crude Oil 61.94 Arrow Up 1.76 %
363	Thailand’s king endorses new Cabinet led by Prime Minister Anutin Charnvirakul
364	Broncos rally from 14-point deficit to hand Eagles their first loss of the season, 21-17
365	Huntington's disease successfully treated for first time
366	France’s new prime minister names a government that might not last long
367	There's a new, longer U.S. citizenship test with more history questions. Can you answer some?
368	French Prime Minister Resigns in Surprise Move
369	Levi’s fall denim returns with wide legs, cargos and outerwear
370	FDA warning: This nonstick cookware could be leaching lead into your food
371	Man arrested in UK over alleged cyberattack that affected European airports
372	Australian lifestyleMoving to an island of 300 people, it took effort to become a local. But that hard work paid off
373	Japan’s Takaichi Lining Up Key Posts to Show She’s No Liz Truss
374	Nvidia to invest $5 billion in struggling rival Intel
375	Monetary Policy Radar – Exclusive Insights Into Central Bank Policy
376	Strictly stars ‘confirm’ romance one year after competing on show
377	From rock bottom to wellness: How 3 people kick-started their health journeys
378	US pharmacy chain Rite Aid closes final stores
379	"Eilish Fisher: ""If ghosts exist, what else could exist?"""
380	This is EuropeViktor Orbán faces toughest challenge in years – but can Hungary’s strongman be unseated?
381	Take That announce The Circus comeback tour with huge stadium dates
382	Bad Bunny kicks off ‘SNL’ 51st season with a group of new faces and jabs at his Super Bowl critics
383	Best strollers for 2025, recommended by parents
384	Explosion fills night sky in Los Angeles
385	Meet the Italian women who helped build modern Australia
386	3 Electrocution risk from 114,000 heat circulating pumps Business
387	Mini-meditations are a way to foster peace of mind at work
388	What it's like sleeping on shifting ice under the midnight sun
389	1,900-year-old Roman papyrus details elaborate tax evasion scheme, research suggests
390	FoodSign up for the Detox Your Kitchen newsletter on avoiding potentially harmful chemicals in your food
391	03:27 Seani Maguire savouring FAI Cup final build-up
392	This week in fashion: New fall collections and major sales up to 70% off
393	What should the top priority be on Tuesday for Budget 2026?
394	Weddings‘I chose red’: why these brides ditched the white wedding dress for colorful gowns
395	Monica Bellucci and Tim Burton announce spilt in joint statement
396	Kennedy Blades brings home wrestling worlds bronze in women's 68kg
397	The real reason more women are opting to go on holiday alone
398	How China is challenging Nvidia's AI chip dominance
399	What is 'RaptureTok'? This is why people are predicting the end of the world
400	The wedding checklist has a new addition – the CONTENT CREATOR!
401	DoorDash out with a list of America's favorite Halloween candies
402	First Indigenous parliamentarian's iconic boomerang throw immortalised
403	Spectacular lake festival in Myanmar shines despite political upheaval and natural disasters
404	Paneer to poutine: Inside the world's local McDonald's
405	Meet people who have seen and done amazing things
406	One Tech Tip: OpenAI adds parental controls to ChatGPT for teen safety
407	The glitch in Super Mario that obsessed gamers
408	Discover how Omnisend can help grow your online business
409	Mudslides trap drivers, bury roads and damage homes in southern California
410	Storm Amy: 2,500 remain without power Ireland
411	100 dishes in 40 days: India's epic wedding feast For more than 700 years, an extraordinary tradition has been maintained in southern India, where grooms are presented with a parade of freshly prepared dishes by their mother-in-law. See more
412	Bangkok road collapse creates sinkhole, disrupting traffic and prompting evacuations
413	‘They were so feral’ Cillian Murphy, Tracey Ullman and cast on wild remand school drama Steve
414	I lived underwater for 100 days
415	One unexpected way tattoos could become the latest way to stay ahead of AI
416	Opinion'This case is exceptional': Ontario track star battles to stay in Canada amid threat of deportation
417	Inside Ireland's most unusual ball sport
418	Travel essentials: eight items to pack for your next trip – and what to leave at home
419	US economy on edge with uncertainty over tariffs
420	Dublin Airport passengers react to lifting of liquid rules
421	Newsletter: Screentime Hollywood is Already Falling Behind on AI Video
422	Trump administration’s new global health aid strategy focuses on bilateral deals with countries
423	Fall in love with Jellycat this season with classics and new arrivals
424	Honda calls out ‘made in Europe’ requirement for subsidised electric cars
425	McPhillips urged to kick on and shock the Worlds
426	NASA introduces newest astronaut recruits NASA on Monday introduced its 10 newest astronaut candidates. They represent America's future in space, wherever in the cosmos that leads. Mark Strassmann has more.
427	Strike action across France as hundreds of thousands join protests
428	Drunk bats and garlic-flavoured breast milk honoured at Ig Nobels
429	NASA introduces 10 new astronaut candidates The new selection of NASA astronauts will spend two years in training before becoming eligible for flight assignments.
430	Supreme Court to consider overturning Hawaii law regulating where guns can be carried
431	Bills remain perfect after holding off spirited fight from Dolphins
432	A look at Swiss Guards preparing for a swearing-in ceremony attended by the Pope, in photos
433	Tony Shalhoub’s love of bread balanced out the challenges of being himself in his new CNN series ‘Breaking Bread’
434	It's time get a flu vaccination. Here's who needs one and why
435	How to become a tyrant in 5 steps
436	I was falling hard for Clair Obscur: Expedition 33 – then it betrayed me at the final hour
437	AstraZeneca’s humbling blow to London highlights the need for change in the UK and elsewhere in Europe
438	Born in India, but not Indian: 'Stateless' man fights for citizenship
439	Frida Kahlo portrait could sell for $60 million and shatter records at Sotheby’s
440	Reese Witherspoon was set to lead hit 2014 film before director said she was ‘totally wrong’ for part
441	FoodSimple and satisfying: Padella’s recipes for autumn pasta
442	A traditional way to see upstate NY's autumn foliage
443	France officially reopens Notre Dame's cathedral towers 6 years after disastrous fire
444	A drug made from marijuana reduced back pain in a large study
445	Shop Barbie dolls and toys to celebrate the timeless icon
446	“Break ups? They’re bloody hard!” - Richard Hogan
447	Nightmare bacteria' cases are increasing in the U.S.
448	‘Almost impossible to make profit’ - regional hospitality businesses
449	Live: Jess Hull breaks Australian record in blistering 800m semi
450	The one change that workedI went to a festival by myself and made peace with being perimenopausal
451	Democrats say administration refusing shutdown talks as president repeats threat of firings
452	Way more wind, solar and EVs: The mammoth task to reach the 2035 target
453	Famous for losing leads, the Chargers might finally be trusted as a title contender
454	Level up your business with Intuit QuickBooks’ AI Agents
455	The Summer I Turned Pretty' headed to the big screen
456	American Express Platinum Card gets pricier and adds new perks, including a $400 dining credit
457	Noonan dreaming of FAI glory despite looming World Cup Soccer
458	Do you eat a meal in 20 minutes or less? It might be time to slow down
459	How to avoid period leaks - the pros and cons of cups, pants and tampons
460	Gladiator 2 is awful – no wonder it made Russell Crowe uncomfortable
461	House-buying shake-up plan aims to cut costs and time
462	The 3,000-year-old story hidden in the @ sign
463	Kremlin-backed crypto coin moves $6bn despite US sanctions
464	Meghan makes surprise appearance at Paris Fashion Week
465	White House asks 9 universities to sign agreement to ensure access to grants and other federal benefits
466	Assistant teacher arrested after being accused of repeatedly using poop-smelling spray to stink up school
467	New IOC president shares what to expect from Winter Games
468	Does your relationship have a swag gap, and is that always a bad thing?
469	Literally speechless' - Father's pride on McPhillips win
470	Taiwan says it will resist pressure from US to relocate half of its chip production
471	Clark-less Fever shock Atlanta to reach first WNBA semi-finals since 2015
472	Australia signs key defence deal with Papua New Guinea Experts say the deal seeks to counter Beijing's growing influence, but PNG says it is not about China.
473	Gear up for game day: Shop tailgating essentials for the ultimate fan experience
474	The secret history of the Sacré-Coeur Basilica in Paris
475	Move over, green lawns. Drier, warmer climate boosts interest in low-water landscaping
476	How two blond suburban moms gave Democrats an answer to the rightwing media ecosystem
477	As teens turn to AI companions for support, experts share how parents can respond
478	A royal reception for Donald Trump in Britain
479	How China is challenging Nvidia's AI chip dominance Beijing has urged local firms to use homemade chips. But is China ready to turn away from Nvidia? 10 hrs ago Business
480	China says it wants to protect coral reefs in South China Sea. Experts are doubtful
481	What we know about why Robbie Williams cancelled his show
482	Cracker Barrel saw a massive drop in customers and warns more is coming after failed logo redesign
483	Will the government shutdown affect next year's election? Recent history provides clues
484	Fat Bear Week kicks off: watch some of the contestants
485	Here’s what dermatologists are saying about your skin care routine: Keep it simple
486	Sydney McLaughlin-Levrone wins 400m world title, nearly breaks world record
487	Want more friends? A better social life? Be like my 85-year-old buddy Gerry
488	How faith-based support is helping Scouting America stabilize
489	Texas A&M president is stepping down after upheaval over classroom video
490	Landmark deal paves way for cheaper HIV protection jab
491	America is now one big bet on AI
492	Lily James leads a girlboss Social Network that is half film, half Bumble advert
493	Arizona prisoner set to be executed apologizes, says he won’t seek clemency
494	Bjorn Borg: How the ice-cool king of Wimbledon descended into a secret life of drugs and alcohol
495	Blue states should come together to declare an emergency. Here’s how
496	Climate experts cast their verdict of Australia's 2035 targets
497	Chimps drinking a lager a day in ripe fruit, study finds
498	Is The Ordinary’s $9 hyaluronic acid serum the answer to glowy skin?
499	ABC News anchors, correspondents to run 2025 New York City Marathon
500	BaubleBar's iconic Halloween jewelry collection is 20% off now through Oct. 5!
501	Taylor Swift just got the perfect gift from Jordan North and Sian Welby
502	Powerful magnitude-7.8 earthquake shakes Russia’s far east Kamchatka region
503	HIVCheap supplies of HIV-prevention jab for poorer countries hailed as ‘genuine chance to end’ global epidemic
504	Have head lice? Don’t panic — here’s how to treat it
505	FashionCan Gucci’s new designer bring the hot sauce and rescue fashion house from flatlining sales?
506	Blind dateThe restaurant staff reacted with glee when told them we were going on somewhere
507	Ignore the noise' - how World Cup favourites England can beat pressure
508	CanadaCry over spilt soy: Canada sushi shop refuses to dole out extra sauce for patrons
509	Oh my God!': Orcas attack, sink another boat
510	Jimmy Kimmel’s audience reacts to show being suspended
511	Get The AP’s most compelling photographs sent directly to your inbox.
512	The exercise at least four times more efficient than walking
513	Trolls mock me for having fewer viewers, Fortnite streamer Ninja tells BBC
514	Former world champion sprinter Fred Kerley set to join no-testing Enhanced Games
515	Pumpkin-themed body products for self-care this fall: Shop lotions, scrubs and more
516	World Athletics Championships 2025: Benjamin wins 400m hurdles gold; heptathlon and more – live
517	China outpacing US in Navy, commercial ship production
518	White House scraps water expert’s nomination as states hash out Colorado River plan
519	You don't need much space or sun to have a flourishing garden
520	How a Miami health care group is meeting homeless patients where they live
521	Father and son share a magic moment
522	The 'Nordic' escape you didn't know existed
523	Top Wall Street exec warns of 1929-style crash - but only after massive gains in the short term
524	Plastic nanoparticles found inside edible vegetables for first time
525	Power rankings for the best – and worst – airports in the US and Canada
526	New French PM resigns hours after cabinet unveiled
527	Comedy hosts including Jon Stewart, Stephen Colbert criticize Kimmel's suspension
528	Ryder CupUSA need Bethpage glory to escape pay-free Europe’s money talk
529	There are immediate steps that we can take to consolidate our single market
530	Jon Bon Jovi gets candid about becoming a grandfather: ‘It’s crazy, but great’
531	Asahi Resumes Beer Supplies in Japan After Crippling Hack
532	Pakistan courts US with pitch for new Arabian Sea port
533	Dwayne Johnson opens up about unrecognizable 'Smashing Machine' transformation
534	Formula OneHorner's turbulent end at Red Bull fails to deter potential new suitors
535	Dolly Parton misses theme park announcement due to health issue
536	Harvard Business School graduate arrested on charges he cheated fellow alums out of over $4 million
537	Children as young as 6 influenced by gender stereotypes over jobs
538	In Dildo, N.L., where Jimmy Kimmel is honorary mayor, some residents worry about U.S. free speech
539	‘Baltimore has the worst PR of any city in America’: a culture critic on his home town, race, police and art
540	MLBTigers blow 10-game lead in less than a month as Guardians tie for first in AL Central
541	5 places to celebrate Halloween with the kids this October living
542	This Crete hotel is home to the best spa on the island
543	Cillian Murphy on 'Steve' & the teacher who changed his life
544	French Assets Tumble, Euro Sinks as Prime Minister Quits
545	French private equity firm joins rush to gain exposure to surging energy use by data centres
546	‘RaptureTok’ goes viral with Christian belief about end of world
547	Sports Canadian Para runner Nate Tucker wins 3rd 1,500m world title, breaks own championship record
548	Soccer live Maresca short on Sterling sympathy, Arsenal make boardroom reshuffle
549	Ruling bans Florida retiree from leaving Saudi Arabia until 2026 over critical social media posts
550	OPEC+ to raise oil production by 137,000 barrels per day in November
551	CanadaTrudeau made headlines with free birth control. Why didn’t Canada follow through?
552	Alessandro Michele's Valentino collection puts 70s silhouettes in the Paris spotlight
553	BooksUnpublished Raymond Chandler short story to appear in literary magazine
554	The race to predict wildfires before they ignite
555	Lender files complaint with market regulator alleging Sabadell staff are obstructing voting
556	Ghost of Yōtei review – a brutal and stunningly beautiful samurai revenge quest
557	Hand luggage liquid rules at Dublin Airport to end tonight - daa
558	Pete Buttigieg enters the redistricting fight, slamming the GOP's efforts in Indiana
559	Cracker Barrel expects weaker sales and restaurant traffic after logo controversy
560	The Japanese places that inspired Studio Ghibli
561	Eating and drinking in Istanbul
562	The driver assist features you’ll want in your next used car
563	Movie Review: Friendship, grief and June Squibb in ‘Eleanor the Great’
564	Nicole Kidman steps out for powerful cause after filing for divorce from Keith Urban
565	Africa’s AI Economy Projected to Surpass $16. 5 Billion by 2030
566	Marketing executive claims Basketball Hall of Fame rejected her for a job because it ‘does not hire women’
567	Taylor Swift is done pretending she doesn’t absolutely love this life
568	Elizabeth Gilbert’s memoir has raised eyebrows – but she always comes out on top
569	Out-of-control car narrowly misses man in rural Nebraska gas station
570	Jimmy Kimmel departs his studio after suspension of late-night show
571	The Lost Bus review – Matthew McConaughey and America Ferrera in dynamic real-life blaze-escape movie
572	How young people fell back in love with old-school photo booths
573	Opec+ agrees modest output rise after market jitters over larger move
574	For women by women - all the tricky topics covered
575	Think your AI chatbot has become conscious? Here’s what to do.
576	South Dakota lacks incentives that could lead to movies set there to be filmed there
577	The Big Take Ferrari-Loving Trader Burned Wall Street With Bond Bet Leveraged 11,000-to-1 
578	Nature 10 charming apple orchards and pumpkin patches to visit across Canada this fall
579	Interstellar comet swinging past Mars as a fleet of spacecraft looks on
580	Friend stole my face for deepfake nudes – now I want tougher laws
581	Did you dawdle on installing solar panels or buying an EV? Better move fast to get those tax credits
582	TelevisionSlow Horses season five review – not even Gary Oldman can salvage this TV mess
583	OpenAI and Jony Ive grapple with technical issues on secretive AI device
584	Mexico and Canada are meeting without Trump - here's why
585	Pushing ButtonsWhy random lines of video game dialogue get stuck in our heads
586	Jimmy Kimmel fights back tears as he returns to live show
587	Constance Wu 'disappointed' in new 'Maybe Happy Ending' actor after he took role in Asian cast
588	Johnson and Jeffries pin shutdown on each other's party
589	Wegovy in pill form could soon be a reality as tests show it is just as effective as shots
590	Starbucks workers sue over company’s new dress code
591	European private capital firms target €17bn in data centre deals
592	MusicDua Lipa denies ‘categorically false’ report that she fired her agent over anti-Kneecap stance
593	Google eliminates its ‘cheat’ button that gave AI answers to questions and irked teachers
594	Women’s Champions League: Titleholder Arsenal to play Lyonnes, Bayern, Madrid in new league format
595	Can you take control of the technology that threatens you?
596	Ask Annalisa BarbieriI moved abroad to live with my wife, but I’ve come to hate her country
597	The Supporters’ Shield race is the closest in recent memory – here’s who could win it
598	Devoted nap-takers explain the benefits of sleeping on the job
599	Private health insurers use AI to approve or deny care. Soon Medicare will, too.
600	IRS official sues agency claiming it leaked her info to Fox News and others who reported she had been fired
601	Trump plans aid package for US soybean farmers while seeking trade deal with China
602	AI tool used to recover £500m lost to fraud, UK government says
603	Uber Eats will soon launch US drone delivery in partnership with Flytrex
604	Presidential Election upended by Jim Gavin's statement
605	Chief Osceola and Renegade have dazzled Florida State fans with tribe’s approval for nearly 50 years
606	The stunning touchdown that sparked the Titans' unlikely comeback
607	US Justice Department official questions retired FBI agent’s role in $1.4B Sandy Hook lawsuit
608	What's really going on behind the biggest news stories
609	Where pours the best pint of Guinness?
610	Pension auto enrolment: everything you need to know
611	United Airlines flights grounded nationwide for 30 minutes due to 'connectivity issue'
612	Congress remains deadlocked on shutdown ahead of Monday vote The Senate will meet again on Monday to try to pass a bill to reopen the government but the chances appear slim. 15 hrs ago US & Canada
613	The best culture to look forward to this autumn
614	The man in the desert who didn't want to be found
615	Unity and controversies dominate presidential debate
616	What to know about Typhoon Ragasa, the strongest storm of the year
617	Pets around the world blessed for Feast of Saint Francis
618	FACT FOCUS: A look at false and misleading claims made by RFK Jr. during Senate hearing
619	Asahi restarts Super Dry factories as brewer races to avoid beer shortages
620	Will electric tractors gain traction? At a pilot event for farmers, researchers see possibilities
621	The Cooking Newsletter New recipes, easy dinner ideas and smart kitchen tips from Melissa Clark, Sam Sifton and our New York Times Cooking editors.
622	Scientists predict wildfire smoke will be the most costly climate-related health hazard
623	Barcelona’s Sagrada Familia is ready to raise its highest tower and become Europe’s tallest church
624	Hundreds of Hikers Stranded on Mount Everest by Snowstorm
625	Ultimate in cancel culture': Fans outside Jimmy Kimmel studio react to show's axing
626	Firenado' tears through Brazil sugarcane field
627	NFLBrady says critics of role as owner and broadcaster are ‘blinded by distrust’
628	American Express Platinum Card gets pricier, adds new perks, including dining credit
629	How did a suburban mum fall for doomsday prophets?
630	Alessandro Michele’s Valentino collection puts 70s silhouettes in the Paris spotlight
631	Husband of HR exec in viral Coldplay ‘kiss cam affair’ was at the concert with his own date: report
632	"Yusuf/Cat Stevens on his ""Road to Findout"" The singer-songwriter who renamed himself Yusuf Islam talks about his new memoir, ""Cat on the Road to Findout,"" his lifelong spiritual quest, and about trying to find and understand himself as an artist. 18H ago"
633	Industrial action threatened in Mayo University Hospital
634	H-1B visa changes may give Canada an opportunity. Will it seize it?
635	Can I change my life by going to bed 30 minutes earlier?
636	Government shutdown to continue into next week as Senate vote fails to break bitter partisan deadlock
637	How Huawei plans to outperform global tech leaders with less powerful chips
638	Women's 400m McLaughlin-Levrone wins with fastest time in 40 years
639	Is acupuncture a good option for back pain?
640	Egypt opens the tomb of Amenhotep III after 20 years of renovation work
641	They said it: Leaders at the UN, in their own words
642	Photos showcase individuality alongside performance at the world athletics championships in Tokyo
643	Twilight creator hints at vampire series’ future 20 years after debut
644	Adventurous play the new normal as kids take to 'risky' new equipment
645	Lulu: Telling the world I'm an alcoholic was liberating
646	Firefly Falls on Missed Revenue After Inaugural Earnings
647	Having a ‘ruff’ week? Head to Vermont for some golden retriever relaxation
648	Kokiriko: Japan's oldest folk song and dance
649	Concetta Kirschner Sudden Pop Stardom After 50 5 min read
650	Retreating Alsek Glacier reveals new island in southeast Alaska
651	The professor who beat fraud allegations to become Malawi's president…again
652	Rotten' Australian university culture lashed in long-running senate inquiry
653	Raymond Blanc’s Basque cheesecake recipe is a true showstopper
654	AP Decision Notes: What to expect in Arizona’s special congressional election
655	‘I’m so at peace’: Why breaking up with a parent is sometimes the right choice
656	Taylor Swift and Charli xcx prove why we’ll never get bored of female rivalry
657	A centuries-old map is returned to Mexico after it was recovered in Santa Fe
658	Government has not set 2035 renewables target, downplays 90pc
659	Hurricane Priscilla strengthens in the Pacific off southwestern Mexico
660	Prefer listening to your books? It's not that different from reading, says prof
661	ChatGPT boss predicts when AI could cure cancer
662	Senate confirms 48 Trump nominees in single vote
663	The Summer I Turned Pretty' cast reveals details about movie in 1st interview since announcement
664	Stylish fall athleisure from Abercrombie, Spanx and more
665	Earlier Boeing Likely to Record Billions in Charges Over 777X Debut Delay
666	Federal Reserve shows unexpected unity, independence as it weathers Trump’s attacks
667	Everything we know about Harlan Coben’s new 'twisted' series Lazarus
668	Drake Maye leads Patriots to 23-20 win over Bills, leaving NFL without an unbeaten team
669	The fascinating history of the QR code
670	Business How the U.S. trade war uncorked a surprising boom for wineries across Canada
671	BooksSlow Horses author Mick Herron says he knows how Jackson Lamb dies
672	How Donald Trump's and King Charles's state visit speeches compared
673	NFL: Eagles should’ve been penalized for a false start on a tush-push conversion vs. the Chiefs
674	Taylor Swift's 'The Official Release Party of a Show Girl' debuts at No. 1 with $33 million
675	Irish and British govts to unveil new NI legacy agreement
676	Yohji Yamamoto pares back to essentials in Paris show
677	Harnessing the powers of the tiny water bear
678	Experts independently resurrect Census Bureau advisory committee axed by Trump administration
679	Moment sinkhole pulls down power lines in busy Bangkok street
680	Hybrid Boost: Flexible work aids in tough economic times
681	Why everyone is turning to the 90s for parenting tips
682	Saturday Night Live' reveals Bad Bunny, Amy Poehler, Sabrina Carpenter as season's first hosts
683	How this AP photographer captured Taylor Swift and Travis Kelce's iconic kiss
684	As the countdown reached one, something instinctive pulled us together
685	Can Task live up to the prestige of the HBO Sunday night slot?
686	Popcast Pop music news, new songs and albums, and artists of note.
687	Human rights group urges Uzbekistan to uphold reforms
688	With a Democratic Party leadership vacuum, Obama steps up his criticism of Trump
689	FDA approves another generic abortion pill, prompting outrage from conservatives
690	Palestinian film-makers on their favorite Palestinian movies: ‘I felt like I was watching my own story’
691	New discovery unlocks secrets of Earth’s inner core
692	Fall into home and kitchen savings: Up to 75% off this week
693	Here are the states banning cellphones in schools and what it means for students
694	Champions League review PSG stroll, Belgian rise and Rashford reborn
695	Take That bringing Circus Tour back to Dublin next July
696	Ramaphosa among 13 witnesses eyed for Parliament’s police corruption probe
697	On’s Cloudpulse Pro and training apparel are made for movement
698	Dalí talks about his iconic 'aggressive' moustache
699	AI-cloning of Lara Croft’s voice has ‘Tomb Raider’ fans and actors up in arms
700	NASA introduces its newest astronauts: 10 chosen from more than 8,000 applicants
701	Will real-time translation change how we travel?
702	Trump forced to switch helicopters while leaving London due to ‘minor hydraulic issue’
703	TravelI travel 200,000 miles a year. This is the best travel backpack I can’t leave home without
704	NHL training camps open with Panthers' Tkachuk out, Oilers captain McDavid unsigned
705	A fast start, secret words and stability - how to win an away Ryder Cup
706	Weekly news quiz: A royal visit, a glitzy award show and a new city plays host to Laneway
707	Lincoln Center Theater charts path forward with new artistic director and a nod to the past
708	Taylor Swift shows off engagement ring The pop star describes the proposal from Travis Kelce that broke the internet.
709	How many words can you make with 7 letters?
710	How AI powered robots are helping small farms From labor shortages to environmental impacts, farmers are looking to AI to help revolutionize the agriculture industry. One California startup, Farm-ng, is tapping into the power of AI and robotics to perform a wide range of tasks, including seeding, weeding and harvesting. Mar 28, 2024 03:27
711	Haaland powers in early goal to earn Manchester City win at Brentford
712	Women’s rights activists rally in Belgium fearing US plans for birth control supplies
713	‘They were so feral’Cillian Murphy and Tracey Ullman on school drama Steve
714	Adorable baby chimp pulls faces to visitors at Dallas Zoo
715	Should passengers remove headphones when flight attendants serve them?
716	Clashes in Paris as strikes and protests roil France
717	Martin Scorsese and Leonardo DiCaprio’s next film officially revealed
718	Why big business wants you back in the office full-time
719	Cleveland Browns’ $2.4B stadium gets green light from Ohio transportation regulators
720	Medical groups react to Tylenol, autism claim
721	Albertosaurus outsmarts prey to win the pack's respect
722	Explainer. How next-gen solar panels could go on lampposts, cars and even windows
723	The upside to ranking your friends
724	How to startHow to train your dog – and not lose your mind
725	‘Finally, I did it!’: TikTok star Aurélien Fontenoy cycles up Eiffel Tower’s 686 steps in extraordinary world record time
726	Taylor Swift's 'The Life of a Showgirl' is here: Everything to know
727	Dancing With the Stars: Two couples voted off in surprise first elimination of Season 34
728	The climate movement’s biggest weakness
729	Azerbaijan Grand Prix second practice after Norris tops FP1
730	Kate O'Connor sets new PB in high jump
731	The best bath towels in the US, from fluffy to quick drying – tested
732	The 1958 Italian novel that skewered the super-rich
733	Pope lends star power to Swiss Guards swearing-in ceremony as his army struggles to find recruits
734	LOI preview: Title and relegation on the line in Cork
735	Jim Gavin withdraws from Presidential Election
736	Mbappé’s Real Madrid hosts unbeaten Espanyol with La Liga lead at stake
737	Apple and Samsung users could be due share of £480m payout in UK
738	Take a trip into the mystic with Guest Editor Belinda McKeon
739	Musicians to pay tribute to Anne Murray with Opry House performances
740	House to vote on a short-term spending bill in hopes of averting a shutdown
741	AI 'wargames' to strengthen national security The University of Lincoln is leading a project on how AI can defend the country.
742	OpenAI’s Sora 2 is an unholy abomination
743	What are optics of Trump's war on drugs?
744	He planned to run for Ohio governor. Now Jon Husted could be in the US Senate’s toughest 2026 race
745	Discovery of insects trapped in amber sheds light on ancient Amazon rainforest
746	Common mistakes which make your passwords vulnerable to hackers
747	TelevisionApple postpones Jessica Chastain series about domestic extremism
748	UN responds to Trump about escalator malfunction
749	Malawi President Chakwera concedes defeat in election, with former leader on course for victory
750	Danielle Fishel addresses injury on 'DWTS' after her performance
751	Paris Jackson, Janet Jackson step out for Paris Fashion Week
752	France’s PM resigns after less than a month amid widespread criticism of new cabinet
753	Norris rejects Piastri’s complaints after McLaren duo clash in Singapore
754	Clayton Kershaw All-time Dodgers great to retire at end of season
755	Analysis Why Mexico’s president is still so popular, one year on
756	The best products for cold sores, according to dermatologists
757	Rashford shines for Barcelona & Haaland breaks more records
758	President Trump, first lady arrive at Windsor Castle for royal visit
759	Trump administration rehires hundreds of federal employees laid off by DOGE
760	€7 million for redevelopment of Shandon area in Cork city
761	Ryder Cup has power to divide -- or unite -- during fraught and fragile time in the US
762	This community of dads is running to support each other
763	China Is Refusing to Buy US Soybeans. What Does It Mean for American Farmers?
764	The NFL's most thankless job has a perk — the best job security
765	CBS News poll finds Americans say political violence unacceptable Most believe people do get along, but politics drives them apart. Oct 3
766	How Merger Arbitrage Traders Plan to Cash In on the EA Buyout
767	Guess what?' Macron calls Trump after motorcade blocks his car
768	The civilisation that inspired US democracy
769	Why cut interest rates during inflation? | About That
770	The amateur footballers sharing a stage on Football Manager game
771	Barack Obama to receive Freedom of Dublin this week
772	Trump called Catherine 'beautiful' — but was it a breach of royal protocol or just cringey?
773	Pakistan says its nuclear program can be made available to Saudi Arabia under defense pact
774	Pete Buttigieg hits back at Kamala Harris’s suggestion she could not risk him as VP pick
775	Now more than ever, we need to remember the radical, feminist, furious glory of Lilith Fair
776	Immersive art experience awaits public at Kylemore Abbey
777	Revolut backer Balderton Capital says continent needs to accelerate development of space and defence industry
778	Our favorite Ninja coffee maker has $100 off for a limited time only
779	Is Premier Phophi Ramathuba's leadership style undermining ANC unity in Limpopo?
780	Electrocution risk from 114,000 heat circulating pumps Business
781	HomesIgnore all the smart home gimmicks. These five devices actually make life easier
782	Brigitte Macron’s court battle against a right-wing conspiracy theory
783	Jeff Bezos’ dad hires a CEO to manage his multibillion-dollar fortune
784	Taylor Swift’s The Life of a Showgirl is full of gratifying twists
785	Gov. Josh Shapiro says Kamala Harris will 'have to answer' for not speaking out about Biden
786	A not-so-polite history of stolen treasures
787	This California law will require transparency from AI companies. But will it actually prevent major disasters?
788	Dodging New York trafficHow hundreds of whales are on a collision course with ships and boats
789	China, India and Belarus line up for Russia’s rival version of Eurovision
790	India says it is looking into implications of Saudi-Pakistan defence pact
791	Penn State and Texas fell out of the AP Top 25. Ask AP sports writers about the rankings
792	Spain counts the cost of 'nightmare' wildfire summer
793	What happened in that luxury box? How the World Cup draw moved to DC
794	Do federal workers get paid during the government shutdown
795	A trio of space weather satellites blast off together to study the sun’s violent side
796	Ulster delegates vote to restore McKenna Cup for 2026
797	Rabbis see a mix of anxiety and determination as US Jews await High Holy Days
798	World of Faith Comprehensive global coverage of how religion shapes our world.
799	What Sweden can teach the world about stock market success
800	Jane Goodall’s most radical message was not about saving the planet
801	Albania's government debuts its AI ‘minister’ to parliament
802	A good shower is a simple shower, no matter what influencers recommend
803	"Saturn's moon shows favorable conditions for life: ""Simply phenomenal"""
804	Why people are travelling across the border for weightloss jabs
805	Orlando Pirates’ Oswin Appollis wants to share his R100k award with Mbekezeli Mbokazi
806	How much does a $15,000 home equity loan cost per month after the Fed cut interest rates? A cooler interest rate climate may entice homeowners in need of $15,000 to consider their home equity loan options. Oct 3
807	Judge to block 'deployment of any National Guard' to Oregon
808	Left in the dust': Calls for help cleaning up Sask. town continue in cult's aftermath
809	San Francisco’s City Hall becomes a dream destination for quinceañera photos
810	TV reviewThe Lowdown review – Ethan Hawke is terrific in playful neo-noir series
811	"The true cost of cyber attacks on UK business is greater than it seems Are this year's major attacks the ""cumulative effect of a kind of inaction on cyber security"" from the government and big business?"
812	Republicans and Democrats remain at an impasse as government shutdown enters sixth day
813	UCL Debrief: Liverpool leave it late & Kane inspires Bayern win over Chelsea
814	Tourism is helping Uganda’s endangered mountain gorillas make a comeback
815	New French PM resigns hours after cabinet unveiled Europe
816	Golden Bachelor star Mel Owens, 66, refuses to date women over 60
817	How to grow a giant pumpkin, with help from science
818	The Greek island holding the secret to a long life
819	Sligo and Galway face into defining stretch of season
820	Flying cars crash into each other mid-air in China
821	Enjoy the evolution of image generation with Adobe Firefly AI
822	Taylor Swift fans convinced new song is a Charli XCX diss track
823	A European trip, without leaving America: Seven US towns with a Euro flair
824	The rise of women with autism diagnoses: 'We mask until it blows up'
825	Martin Scorsese ‘not proud of his behaviour’ while making Taxi Driver
826	Miranda Tapsell's new show re-imagines what family can look like
827	Sally Rooney says she cannot enter UK in case of arrest
828	Taylor Swift's 'The Life of a Showgirl' is full of Travis Kelce references
829	Taylor Swift releases highly anticipated new album
830	Can you be sued for defaming virtual K-pop stars? South Korea court says yes
831	A court in Trinidad blocks extradition of former FIFA vice president Jack Warner to the US
832	Victoria Beckham ‘surprised’ by response to viral moment in David’s Netflix show
833	NFL's last undefeated teams lose after Bills, Eagles stumble at home
834	Parties of both main candidates claim Malawi election victory but results not yet announced
835	Status Yellow rain warnings issued for 14 counties
836	Chloe says it with printed flowers in Paris show
837	Sore back? Your bad posture may not be to blame after all, experts say
838	GAA President Burns rules out election run for Sinn Féin
839	Feds sue Ticketmaster and Live Nation, claiming groups ‘worked with’ scalpers to increase profits
840	A new start after 60 I’d spent five decades travelling. Then I fell in love, got married and finally found a home 
841	02:57 What is the political ‘hot potato’ of Budget 2026?
842	Wealthy UK Family Behind JCB Pays Itself $1.2 Billion Dividend
843	Music Famous in Canada: Hit songs that only we will remember
844	5 How are people in Dunboyne feeling ahead of Budget 2026?
845	Japan’s central bank holds steady on key interest rate
846	Heavy drinkers buy more alcohol-free drinks - study
847	Optus to pay $100m fine, as crisis engulfing the telco continues
848	F1: Chequered Flag Singapore Grand Prix Qualifying review
849	Dirty tricks claims by BBVA mar end of Spanish banking’s takeover battle
850	A massive mural honoring NYC immigrants now fills the entrance to St. Patrick’s Cathedral
851	The Sound of Music’s child actors look back: ‘Musicals about singing nuns – no one was sure the public was going to buy it’
852	Northrop Grumman cargo ship reaches the International Space Station a day late after engine issue
853	‘I tried to escape with drugs and alcohol’: Borg on his misery and mayhem after quitting tennis
854	Foster Poultry Farms recalls nearly 4 million pounds of chicken corn dogs due to wood in batter
855	What the Cowboy Boot Boom Says About America
856	House voting on funding patch as parties trade blame for potential shutdown
857	Air traffic controller scolds pilot after warnings to turn away from Air Force One
858	Want to eat more plant-based meals? Maggie Baird, Billie Eilish's mom, has some ideas
859	Wrestling match between bear cub siblings caught on video
860	South Korea moves closer to legalizing tattoo artistry
861	How much impact could a raucous Ryder Cup crowd have in New York?
862	Researchers who studied painting stripes on cows win Ig Nobel prize
863	Why '80s star Andrew McCarthy walked 800km across Spain with his 19-year-old son
864	Under what circumstances can a US green card be revoked?
865	James Gunn spoils Peacemaker finale cameo weeks before episode airs
866	World-renowned wildlife photographer against the algorithm
867	Who is Taylor Swift mad at on her new song Actually Romantic?
868	Fans, food and fast feet: Africa's top shots
869	Ben Affleck and Jennifer Garner’s daughter Violet makes impassioned plea for stronger public health protections at UN
870	Neighbors help neighbors with resources like clothing swaps, community fridges
871	50-year-old plane wreck in Iceland becomes an unlikely tourist attraction
872	SpaceX completes final test ahead of crucial Starship launch
873	Paul Costelloe brings the Sixties Beverly Hills Barbie to the runway at London Fashion Week
874	Kentucky’s highest court strikes down a city’s ban on no-knock warrants
875	Trump's trade agenda has a new flashpoint: The humble soybean
876	Dodgers pitcher Clayton Kershaw announces he'll retire after this season
877	US revokes visas of Indian executives over alleged fentanyl trafficking
878	Cracker Barrel reveals costs of disastrous rebrand
879	FT News Briefing. Will Japan’s next PM revive Abenomics?
880	Runners dress up for the Hello Kitty Fun Race in Mexico City
881	Kash Patel fires trainee over pride flag: Sources
882	Miriam Margolyes has only just forgiven Schwarzenegger for rude moment
883	Strictly pro speaks out after controversial Thomas Skinner pairing
884	UK Plans to Speed Up Homebuying Process in Bid to Increase Sales
885	Well actuallyWhat is ‘executive dysfunction’ and how do you overcome it?
886	Dirt-powered sensors help farmers optimize their fields
887	Joy Crookes 'let go' of perfectionism - her music is better for it
888	Europe’s Shane Lowry celebrates after making the winning putt putt on the 18th hole during their singles match on the Bethpage Black golf course at the Ryder Cup golf tournament, Sunday, Sept. 28, 2025, in Farmingdale, N.Y. (AP Photo/Matt Slocum)
889	Have we reached peak world records in sports?
890	Electric aviation awaits a battery breakthrough
891	Woman claiming to be Trump’s wife arrested after showing up to Mar-a-Lago looking for him
892	Photos of a Hindu goddess’ idols being handcrafted for the Durga festival in India
893	Gilbert & George’s new exhibition is quite hectically of the moment
894	#RaptureTok: 'End of the world' theory spreads on social media
895	Heptathlete O'Connor in third after two personal bests
896	A brutal beating by deputies was caught on tape. They were cleared by state police anyway
897	This eufy robot vacuum has $600 off ahead of Amazon Prime Day
898	The Hunter's Moon is back and it's a supermoon: Here's what to expect
899	Nearly a third of bosses report increase in cyber-attacks on their supply chains
900	A new generation of musicians is revitalizing the music scene in Cuba
901	Original analysis on the week’s biggest global stories.
902	AI joins list of global challenges on agenda for UN meeting
903	Premier League ticket black market exposed
904	The real goal of ‘Make America Healthy Again’? Woo-woo treatments for the rich, shrinking healthcare for the poor
905	School bus driver arrested for allegedly driving drunk with kids onboard and an open can
906	Cardi B expecting 4th child, 1st with boyfriend Stefon Diggs
907	ReviewChappell Roan review – pop’s patient princess triumphantly takes the throne in New York
908	Will England make the World Cup final?
909	McPhillips breaks Irish record to reach World final
910	Tropical Storm Priscilla forms in the Pacific Ocean off the coast of Mexico
911	Pierpaolo Piccioli champions female emancipation with loose-fitting Balenciaga collection
912	Five Weeknight Dishes Dinner ideas for busy people from Emily Weinstein.
913	Insects trapped in amber offer new insights into prehistoric life
914	Environment‘You don’t get to aim big when you are somewhere small’: A teenager’s fight to end single use plastics on her Scottish island
915	A look at the best times of day for watering, planting, pruning and other garden tasks
916	RTÉ Short Story Competition 2025 shortlisted authors announced
917	13 sweater dresses: Our picks for a stylish, cozy fall wardrobe
918	Hong Kong Banks Face Balancing Act on $25 Billion of Bad Loans
919	Apple and Samsung phone users could get compensation
920	What you need to know about Covid vaccines in the US this fall
921	Illegal gold mining is fueling a ‘mercury boom’ in Mexico, poisoning people and the environment
922	Lionel Richie on his worries for America, his friend Michael Jackson – and why he still believes in the power of love
923	Powell signals Federal Reserve to move slowly on interest rate cuts
924	Exclusive: Russia, Vietnam using energy profits to avoid possible US sanctions for arms deals
925	The lonely life and death of Delhi's only African elephant
926	This is how we do it: ‘Asexuality is a spectrum. I don’t experience sexual desire (but I do like having orgasms)’
927	Geno Smith has 'no excuses' about his NFL-high 19 interceptions since start of 2024
928	Trump unveils new harder US citizenship test - could you pass it?
929	Blue Jays defeat Yankees 13-7 in Game 2 of ALDS
930	Photos show historic Japanese shrine that is torn down and rebuilt every 20 years
931	We've inspired so many people'
932	Musk's fellowship of Royal Society in doubt after rally address
933	A limestone pharaonic painting vanishes from the famed Saqqara necropolis in Egypt
934	Bollywood stars fight for personality rights amid deepfake surge
935	Best Trader Joe’s healthy workout snacks, according to dietitians
936	Pass notesShrinking shirts, tiny Speedos and ‘thigh guys’: why are men’s clothes suddenly so skimpy?
937	Punk is back: How tartan rocked the London Fashion Week catwalk
938	How space-based solar power can fuel our Earth
939	Music‘The idea we should be in the kitchen serving our men is enraging’: singer-songwriter Sarah McLachlan on her long fight for women’s voices
940	Dua Lipa condemns ‘false’ report she fired agent over Kneecap stance
941	Crypto skulduggery isn’t a bug, it’s the whole point
942	FCA’s multibillion car loan redress estimate is too high, say lenders
943	Italian actress and star of The Leopard Claudia Cardinale dies aged 87
944	Sen. Bill Cassidy's 2026 primary looms as Rep. Julia Letlow considers running
945	Hollywood stars erupt with outrage after ABC pulls Jimmy Kimmel off air
946	Costa Rica halts all flights after radar failure at main airport
947	Harris stops biting her tongue in ‘107 Days,’ her book about last year’s campaign against Trump
948	The most crucial business and policy news you need to know.
949	Report recommends accessing Jenolan Caves by air, not road
950	Clayton Kershaw to retire after 18 years with Dodgers and more than 3,000 strikeouts
951	FACT FOCUS: DeSantis’ misleading claims about why Florida missed out on a congressional seat
952	How to keep your dogs safe and calm at Halloween living
953	Yesavage sets Blue Jays mark, striking out 11 in MLB playoff debut to key win over Yankees
954	Here's the best time to book Thanksgiving, Christmas flights and more travel tips
955	China Is Beating the US in the Battle for Energy Export Dominance
956	AI industrial park in Irvine 'could bring £15bn investment'
957	Spirit Airlines slashes 25 percent of its flights as its bankruptcy struggles continue
958	Cardi B claims Offset is refusing to settle divorce over unpaid taxes and property issues
959	The business of independent movie theaters, explained
960	45-year mystery behind eerie photo from The Shining is believed to be solved
961	The U.N. explains why the escalator stopped as soon as Trump stepped on
962	Why saving the honeybee could be bad news for other bees
963	How you walk, talk and smile could be as unique as a fingerprint Psychology
964	How to keep the lights on' conversation totally ignores where we are already at
965	What happens when a city tears down the homeless camp
966	Orcas strike again off Portugal, with third boat rammed in a week
967	No. 2 Miami jumps Oregon in AP Top 25, Penn State and Texas fall out of poll
968	BooksWhat’s With Baum? by Woody Allen review – the film-maker’s late-life first novel
969	A robot programmed to act like a 7-year-old girl works to combat fear and loneliness in hospitals
970	Georgia high school volleyball game sparks outrage after guests - including adults - show up in blackface to watch
971	South African hospital worker arrested with human placentas
972	Couples should never go to bed angry, right? It might be time to rethink that
973	Brothers in arms: Spanish defence merger raises conflict questions
974	Oktoberfest ends Sunday with the traditional Bavarian salute
975	FashionJess Cartner-Morley on fashion: how to do hourglass without the tradwife overtones
976	The media is learning what happens when you try to appease Trump
977	Star-studded line-up of comedians at controversial Riyadh festival ‘completely avoiding’ jokes about Saudi government
978	Book of the dayWill There Ever Be Another You by Patricia Lockwood review – long Covid from the inside
979	Conservatives pledge £5,000 tax rebate for young home buyers
980	UK becomes BYD’s largest international market after sales surge
981	McDonald's 50-cent deal and more for National Cheeseburger Day
982	From composting to solar panels, NFL stadiums are working to be more sustainable
983	Tennis star Taylor Townsend apologizes for comments about Chinese food
984	The Crossword Get clued in with wordplay, every day.
985	ItalyItaly’s far-right government revives holiday for saint at ‘core of our nation’s identity’
986	Frida Kahlo portrait could sell for a record $60M
987	DatingPeople over 60: share your experiences of dating in later life
988	The Summer I Turned Pretty' is being turned into a movie: What to know
989	Europeans need to learn to love risk
990	Eggs fertilised with material from human skin cells for first time
991	World, business leaders hope to keep momentum in fight against climate change despite US
992	Americans are socialising less - here’s why that’s worrying Derek Thompson talks about stark declines in the amount of time Americans spend at parties with friends.
993	Harry Styles’ stylist has just launched a collab with a major clothing brand and fans are obsessed
994	Avoiding sanctions: Takeaways from AP’s report on a secret deal between Russia and Vietnam
995	Ongoing shutdown to impact food benefits and delay Social Security checks
996	Pod man out: Trump's support among influential podcasters is waning
997	I am Robohiker! — testing the exoskeleton that promises to take hikers further, faster
998	Man spots late mom in 1990s infomercial that's going viral
999	Stream teamEat the rich … before they eat you: in praise of body horror classic Society
1000	Science Neuroscience reveals how rhythm helps us walk, talk — and even love
1001	The war against the quite good
1002	The First Amendment and Jimmy Kimmel
1003	Sports Yesavage sets Blue Jays mark, striking out 11 in MLB playoff debut to key win over Yankees
1004	Trump and Republicans find themselves on the other side of the cancel culture wars
1005	ReviewThe Librarians review – the heroic women battling against book bans and censorship
1006	UNESCO is choosing a new director who will face a big funding shortage after US exit
1007	Optus fined $66 million for ‘appalling’ conduct in sales to telecom’s customers in Australia
1008	The new leader of Japan’s ruling party, poised to be first female prime minister, faces challenges
1009	New Yorkers relish their sports and are ready to be loud and liquored up at their beloved Bethpage
1010	Jaden Smith is moving to Paris as men’s creative director for Christian Louboutin
1011	Macron appoints new French government in attempt to end political deadlock
1012	‘A defining moment’: Trinidad and Tobago at a crossroads as oil runs out
1013	Bunkers, AI and attack drones:Inside the booming school security marketplace
1014	Is a memory palace actually useful? It helped me memorize the first 20 digits of pi
1015	The true cost of cyber attacks on UK business is greater than it seems
1016	Music Who is Taylor Swift mad at on her new song Actually Romantic?
1017	Taylor Swift releases ‘The Life of A Showgirl’ with record-breaking numbers
1018	From tequila cocktails to themed pop-ups, Taylor Swift fans celebrate ‘The Life of a Showgirl’
1019	Robert Redford ‘Always the coolest, calmest man in the room’
1020	Famous ‘Tom Cruise Cake’ recalled over potential health risk
1021	Ticketmaster, Live Nation face US suit over resale tactics
1022	Can telehealth save rural health care?
1023	Fianna Fáil in crisis as Gavin exits presidential race
1024	Man arrested after being found with molotov cocktail on steps of Washington cathedral
1025	Judge blocks national guard deployment to Oregon after legal action by Newsom
1026	European wrap: Ferguson 'not fully fit' as Roma sit top Soccer
1027	Washi: The Japanese paper crafted to last 1,000 years
1028	Can't seem to stick a label on your relationship? You might be in a situationship
1029	Political parties trade blame for potential shutdown
1030	Money Never share your banking info with anyone but your partner, say experts
1031	‘A little bit of joy’Can tiny rafts save saltmarsh sparrows from rising seas?
1032	New potential use for mammograms
1033	Robert Irwin gave 'best first dance' in 'DWTS' history, judge says
1034	$200k shortfall could see this year's Sculpture by the Sea scrapped
1035	National Ploughing Championships to return to Screggan Leinster
1036	Earthquake causes scattered damage in Indonesia’s Papua region
1037	Tempers erupt in Oversight hearing over DC law enforcement surge
1038	As UN climate talks loom in Brazil, many would-be participants fear they can’t afford to attend
1039	One man in an Italian supercar atop an aircraft carrier has a record in his sights
1040	Meghan shares behind the scenes video of Paris Fashion Week trip
1041	A former Love Is Blind cast member is suing the production. He's not the first
1042	What to know about endangered gorillas and tourist tours tracking them
1043	The classic novel rescued from the reject pile
1044	Interesting Times with Ross Douthat Mapping the new world order through interviews and conversations.
1045	Wall Street ticks higher in premarket as another record-setting week heads to the finish line
1046	Hard Fork Our tech journalists help you make sense of the rapidly changing tech world.
1047	Photos show Ghana's fantasy coffins as a stylish final rest
1048	Taliban ban books written by women from Afghan universities
1049	McPhillips on run to final: 'I had a feeling it was coming'
1050	The case that's captured the world's attention
1051	Melania style decoded: A nod to Jackie O and a hat to hide what she doesn’t want you to see
1052	Cat Stevens shuts down interviewer over his past remarks on Salman Rushdie’s ‘effigy burning’
1053	Audacious plan would give Washington a mineral gateway near China’s flank
1054	Assault charges dismissed against man who said he was beaten inside Egyptian Mission building in NYC
1055	Warning as softgel capsule supplements linked to health concerns
1056	One Tech Tip: Now that summer’s over, here’s what to do with all those photos on your camera roll
1057	Understanding workplace bullying: the hidden power dynamics beyond gender
1058	Ground squirrels are taking over a North Dakota city and officials are not amused
1059	Haaland is English football's 'greatest goalscorer' ever
1060	Who does Belly choose? What to know about 'The Summer I Turned Pretty' finale
1061	Got the sniffles? Here’s what to know about summer colds and the COVID-19 variant called stratus
1062	The US hippie musical that escaped UK censorship
1063	Vietnam mummy predates Egyptian examples by nearly 10,000 years
1064	Madonna to release new dance album next year, return to Warner Records
1065	Guardians' David Fry hospitalized after being hit in face by pitch during win over Tigers
1066	What the latest research says about the benefits of GLP-1 drugs
1067	This US restaurant makes the list of the world’s best — and it’s not in New York City or LA
1068	Jil Sander unveils new creative era with crisp, light silhouettes at Milan Fashion Week
1069	Major change to booking GP appointments comes into force
1070	The controversial snack that fuels Norwegian trips
1071	US politicsFive things we learned from 107 Days, Kamala Harris’s campaign trail memoir
1072	House Speaker Johnson optimistic about vote to avert shutdown, but Democrats aren't
1073	Poll: Is 57 too old to become a first-time dad?
1074	The real story of the 2025 snow season is no winter wonderland
1075	Kate Middleton dazzles in Lover's Knot Tiara at state banquet
1076	MusicSarah McLachlan on her long fight for women’s voices
1077	US college rankings for 2025 are released amid a year of turmoil for universities
1078	First local doctor in 20 years for Millet, Alta., leaves after just six months in community
1079	YouTube to start bringing back creators banned for COVID-19 and election misinformation
1080	McPhillips storms into 800m World final in NR time
1081	Make green great again: Can appeals to the wallet make climate policy an election-winner?
1082	New dinosaur from Argentina discovered with a crocodile bone in its mouth
1083	Jack Black, Paul Rudd go on an adventure to remake 'Anaconda' film in the Amazon
1084	Julio Rodríguez lifts Mariners over Tigers 3-2, Seattle takes Game 2 of ALDS to even series
1085	Wife of Mets player performs national anthem
1086	MLB will use challenge system for balls and strikes throughout 2026 season
1087	Why a new medical school in Ontario is focusing on culturally sensitive care
1088	The Elements by John Boyne review – intertwined tales of trauma
1089	It can be hard to shift out of negative thoughts, but there are ways to stop spiraling
1090	What Happens If You Just Give People Cash – in Crypto
1091	What is Dubai chocolate and why is it everywhere?
1092	Zoos of the future may have no animals at all
1093	Are the Tories moving towards Trump?
1094	Healthy comfort food recipes for autumn evenings
1095	Giant trolls have a message for humans about protecting the planet
1096	opinion content. The make-believe backstories CEOs spin
1097	Las Vegas risks more tourist woes as ‘dynamic pricing’ hits hotels
1098	China is calling a TikTok deal a win. What's in it for them?
1099	How thieves stole 24,000 bottles of Guy Fieri's tequila in a highway heist
1100	Electricity costs jolt New Jersey's race for governor — and preview next year's midterms
1101	Trump’s UK visit turns to politics and a meeting with Starmer
1102	Scientists discover a new dinosaur from Argentina with a crocodile bone in its mouth
1103	What it's like to fly an 80-year-old WW2 bomber
1104	Lawyers are using AI. What will happen when judges do? Artificial intelligence is coming for the law. Are we ready for robots to become judge and jury?
1105	Find your perfect Jellycat companion this fall and holiday season
1106	opinion content. Europe’s greatest asset is Europe — let’s use it
1107	Johnson says layoffs as part of shutdown are 'regrettable'
1108	Shortage of Marines’ amphibious warships worries top US military officers
1109	Philip Shishkin Someone Tipped Me Off About a Crypto Story. What I Found Was Crazy.
1110	Macron calls Trump after motorcade blocks his car
1111	Grudge Matches: Merseyside Derby, Steven Gerrard & Pizzagate
1112	Syria holds first elections since Assad’s ouster, marking a cautious step in political transition
1113	What to watch as a never-ending Supreme Court term begins again
1114	5 easy tips to transition your wardrobe from summer to fall
1115	FoodThe best blenders in the US: five favorites for smoothies, soups and frozen drinks
1116	Justice Ketanji Brown Jackson is trying to warn us about something. Are we listening?
1117	Tips on stepping back from screens and starting a new hobby
1118	Bank of England holds main UK interest rate at 4% with inflation above target
1119	Why a poem outraged 1980s Britain
1120	AOL's dial up internet takes its last bow, marking the end of an era
1121	Leonardo DiCaprio says agent told him to change name to Lenny Williams
1122	Nvidia to invest $5B in Intel; companies will work together on AI infrastructure, PCs
1123	‘You could drink from that pond’: the city digging for a solution to toxic runoff
1124	Waterford Librarians have all their best picks for autumn
1125	Personalized coverage of your sports teams and leagues.
1126	National Ploughing Championships to return to Screggan
1127	Borderlands 4 review – the chaotic, colourful shooter has finally grown up a little
1128	Expert reveals how the TikTok ‘For You Page’ actually works
1129	Photos show President Donald Trump during his second state visit to Britain
1130	Walmart’s Marketplace boom: How lax vetting came with identity theft and fakes
1131	"Miley Cyrus on achieving ""Something Beautiful"" The ""Hannah Montana"" actress-turned-Grammy-winning pop star talks about her album ""Something Beautiful,"" sobriety, and reconnecting with her dad through music. 18H ago"
1132	UN Security Council plans a vote on Iran ‘snapback’ sanctions ahead of deadline
1133	The dark side of the US's most divisive painter
1134	Fears of massive battery fires spark local opposition to energy storage projects
1135	Hyundai says it will spend $2.7 billion expanding part of the Georgia complex raided by ICE
1136	Natalie Foster G.O.P. to Gen Z: Pay Double for Health Insurance or Go Without
1137	Canada, Mexico agree to deepen ties in face of Trump's turbulent 2nd term
1138	Why AI could make people more likely to lie
1139	Layoffs this year are at their highest level since 2020, report finds Employers have announced nearly 950,000 job cuts through September, the great number of layoffs through September since 2020, an analysis finds. Oct 2
1140	Kenya’s Turkana people genetically adapted to live in harsh environment, study suggests
1141	Put yourself first! 10 ways women can get a much better deal at work, home – and beyond
1142	The male nude is still a taboo'
1143	What Is Lemon8? The app suddenly flooding your TikTok notifications explained
1144	Watch: What do you like most about The Ploughing?
1145	Premier League news conferences: Cunha returns for Man Utd
1146	The giant sausage sandwich loved in this Turkish seaside town
1147	Former VP Mike Pence's newest job? George Mason University professor
1148	Passports, visas should not be impacted by government shutdown
1149	ScienceSupercentenarian gives scientists insight on secrets of healthy old age
1150	Snowstorm traps hundreds of hikers on Mount Everest during China’s national holiday
1151	Reminiscing with old classmates taught me that some memories only scratch the surface of the truth
1152	Divers discover 'ghost ship' wreckage 140 years after sinking in US lake
1153	EU watchdog prepares to expand oversight of crypto and exchanges
1154	SoccerSlot hits out at ‘stupid’ Ekitiké after red card for celebrating Liverpool winner
1155	Sinn Féin's participation in presidential election will be a 'gamechanger' - McDonald
1156	New tour gives insights into Shane MacGowan's Tipperary
1157	Jim Gavin addresses media after presidential debate
1158	Star Wars fans divided over first Mandalorian and Grogu trailer: ‘Doesn’t look like a movie’
1159	Choir teacher goes viral for using Gen Alpha slang to engage students
1160	Bath & Body Works launches 1st holiday collection drop with new festive scents
1161	Obama says White House takes cancel culture to 'new and dangerous levels' after Kimmel suspended
1162	Miley Cyrus to release new song for her father
1163	Oldest fossil of a dome-headed dinosaur is found in Mongolia
1164	Republican senator says Jimmy Kimmel ‘got what he deserves’
1165	Therapy will make you ready for a relationship — and other mental health myths — debunked
1166	Julia Roberts offers update on potential sequel to My Best Friend’s Wedding
1167	John Lennon branded a ‘bully’ by teacher after school uncovers Beatles frontman’s past
1168	Why Dublin is now a city for only the very rich and very poor
1169	Searching for Grandfather - a poem by by Rafael Mendes
1170	Bushfire survivors still camping five years later amid builder backlog
1171	Booker Prize shortlist 2025: Six ‘brilliantly written and brilliantly human’ stories
1172	My melons went flying and a group of old ladies came to the rescue
1173	The Five common medicines that could be harming your hearing
1174	Discovery in Greenland’s ice sheet sparks scientific debate
1175	Govt and watchdog examining phone data revelations
1176	Olivia Colman reveals her dinner party trick
1177	Taylor Swift: The Official Release Party of a Showgirl review – lazy big screen cash-in
1178	Australia vows to cut emissions 62 to 70 per cent by 2035
1179	This US eatery makes the list of the world’s best restaurants
1180	US soccer is in the midst of a stadium boom, each with realistic ambitions
1181	Best of Halloween 2025: Shop viral Home Depot skeletons, Lenox collectibles and more
1182	FDA proposes ban on Orange B, a food dye not used for decades
1183	Rugby pundit Donncha O'Callaghan on his new kids' book
1184	Leonardo DiCaprio reveals the films he can't stop watching
1185	Hades II review - underworld sequel is an improvement in every witch way
1186	Paranormal activity YouTuber arrested over video claiming new airport is haunted
1187	US players will ‘do the right thing’ over controversial Ryder Cup pay, insists Keegan Bradley
1188	NFL kickoffs are no longer a dull formality. Previous strategies are now ‘obsolete’
1189	5 writers make the 2025 CBC Nonfiction Prize shortlist
1190	Feeling overwhelmed What is ‘executive dysfunction’ and how do you overcome it?
1191	Inside the courtroom for Australia's biggest trials
1192	Markets Wrap European Stocks Fall as France Plunged Into Crisis
1193	30 sweaters we're shopping for fall: Cardigans, turtlenecks and more
1194	Between Moon TidesHacking nature to save the saltmarsh sparrow
1195	US bans Iranian officials at UN summit from ‘shopping spree in New York’
1196	Al Gore’s satellite and AI system is now tracking sources of deadly soot pollution
1197	Drone sighting shuts major European airport as thousands stranded
1198	Canoe believe this view? Hundreds of paddlers set to perform on Toronto's lakefront
1199	UK is open to overseas talent unlike US, Reeves says
