	id	word1	word2	headline
100	en_0101	spray	chair	-
101	en_0102	hammer	banana	-
102	en_0103	move	fridge	-
103	en_0104	hammer	pumpkin	-
104	en_0105	peel	pumpkin	-
105	en_0106	microwave	book	-
106	en_0107	spray	door	-
107	en_0108	measure	pizza	-
108	en_0109	unplug	fridge	-
109	en_0110	weigh	phone	-
110	en_0111	deseed	tomato	-
111	en_0112	spray	cup	-
112	en_0113	close	blender	-
113	en_0114	hammer	tomato	-
114	en_0115	blend	pumpkin	-
115	en_0116	microwave	laptop	-
116	en_0117	drill	eggs	-
117	en_0118	peel	coconut	-
118	en_0119	cut	shoes	-
119	en_0120	weigh	watermelon	-
120	en_0121	hammer	fridge	-
121	en_0122	open	blender	-
122	en_0123	cut	coconut	-
123	en_0124	measure	bacon	-
124	en_0125	drop	fridge	-
125	en_0126	measure	pumpkin	-
126	en_0127	cut	laptop	-
127	en_0128	wash	keyboard	-
128	en_0129	shake	tree	-
129	en_0130	roll	potato	-
130	en_0131	throw	phone	-
131	en_0132	throw	orange	-
132	en_0133	fry	phone	-
133	en_0134	hammer	microwave	-
134	en_0135	unplug	phone	-
135	en_0136	weigh	pumpkin	-
136	en_0137	measure	microwave	-
137	en_0138	weigh	tomato	-
138	en_0139	measure	watermelon	-
139	en_0140	throw	spoon	-
140	en_0141	microwave	shoes	-
141	en_0142	throw	shirt	-
142	en_0143	measure	oven	-
143	en_0144	drink	egg	-
144	en_0145	throw	cookie	-
145	en_0146	blend	phone	-
146	en_0147	hammer	car	-
147	en_0148	drill	bottle	-
148	en_0149	cut	towel	-
149	en_0150	hammer	shoes	-
150	en_0151	hammer	egg	-
151	en_0152	hammer	phone	-
152	en_0153	wash	cucumber	-
153	en_0154	shake	table	-
154	en_0155	wash	watermelon	-
155	en_0156	spray	book	-
156	en_0157	wash	microwave	-
157	en_0158	open	fridge	-
158	en_0159	move	microwave	-
159	en_0160	measure	shoes	-
160	en_0161	cut	car	-
161	en_0162	wash	window	-
162	en_0163	wash	tomato	-
163	en_0164	throw	flower	-
164	en_0165	wash	rock	-
165	en_0166	peel	corn	-
166	en_0167	weigh	book	-
167	en_0168	spray	microwave	-
168	en_0169	roll	carrot	-
169	en_0170	cut	keyboard	-
170	en_0171	weigh	egg	-
171	en_0172	wash	fridge	-
172	en_0173	unplug	blender	-
173	en_0174	weigh	banana	-
174	en_0175	wash	door	-
175	en_0176	measure	flower	-
176	en_0177	weigh	bottle	-
177	en_0178	cut	phone	-
178	en_0179	wash	apple	-
179	en_0180	cut	pumpkin	-
180	en_0181	wash	towel	-
181	en_0182	hammer	keyboard	-
182	en_0183	spray	table	-
183	en_0184	cut	rock	-
184	en_0185	cut	book	-
185	en_0186	shake	hair	-
186	en_0187	shake	lemon	-
187	en_0188	measure	carrots	-
188	en_0189	hammer	bottle	-
189	en_0190	wash	blender	-
190	en_0191	close	fridge	-
191	en_0192	wash	oven	-
192	en_0193	hammer	coconut	-
193	en_0194	measure	laptop	-
194	en_0195	shake	tomato	-
195	en_0196	wash	chair	-
196	en_0197	hammer	watermelon	-
197	en_0198	spray	eggs	-
198	en_0199	shake	flower	-
199	en_0200	move	tree	-
